t,T_Total,T_Specificita,T_Senzitivita,T_Priemer,V_Total,V_Specificita,V_Senzitivita,V_Priemer
0.1,0.85,0.0,1.0,0.5,0.85,0.0,1.0,0.5
0.2,0.85,0.0,1.0,0.5,0.85,0.0,1.0,0.5
0.30000000000000004,0.85,0.0,1.0,0.5,0.85,0.0,1.0,0.5
0.4,0.8574999999999999,0.05,1.0,0.525,0.8399999999999999,0.0,0.9882352941176471,0.49411764705882355
0.5,0.86,0.06666666666666667,1.0,0.5333333333333333,0.82,0.0,0.9647058823529411,0.48235294117647054
0.6,0.8549999999999999,0.1,0.9882352941176471,0.5441176470588236,0.82,0.0,0.9647058823529411,0.48235294117647054
0.7000000000000001,0.8225,0.4166666666666667,0.8941176470588236,0.6553921568627451,0.7999999999999999,0.26666666666666666,0.8941176470588236,0.580392156862745
0.8,0.7425,0.6666666666666667,0.7558823529411764,0.7112745098039215,0.7100000000000001,0.5333333333333333,0.7411764705882352,0.6372549019607843
0.9,0.5675,0.85,0.5176470588235293,0.6838235294117647,0.56,0.8666666666666666,0.5058823529411764,0.6862745098039216
