t,T_Total,T_Specificita,T_Senzitivita,T_Priemer,V_Total,V_Specificita,V_Senzitivita,V_Priemer
0.1,0.8800000000000001,0.0,1.0,0.5,0.8800000000000001,0.0,1.0,0.5
0.2,0.8800000000000001,0.0,1.0,0.5,0.8800000000000001,0.0,1.0,0.5
0.30000000000000004,0.8800000000000001,0.0,1.0,0.5,0.8800000000000001,0.0,1.0,0.5
0.4,0.8800000000000001,0.0,1.0,0.5,0.8800000000000001,0.0,1.0,0.5
0.5,0.8800000000000001,0.0,1.0,0.5,0.8800000000000001,0.0,1.0,0.5
0.6,0.8800000000000001,0.0,1.0,0.5,0.8800000000000001,0.0,1.0,0.5
0.7000000000000001,0.8800000000000001,0.0,1.0,0.5,0.8800000000000001,0.0,1.0,0.5
0.8,0.8675,0.04,0.9800804828973844,0.5100402414486922,0.85,0.0,0.9666666666666666,0.4833333333333333
0.9,0.3075,0.7466666666666666,0.24668008048289738,0.496673373574782,0.25999999999999995,0.7333333333333333,0.19542483660130722,0.4643790849673202
